date,delay,distance,origin,destination
2001-01-01 09:24:00.000000,-4,1117,IAH,PIT
2001-01-01 14:25:00.000000,0,121,OGG,ITO
2001-01-01 18:50:00.000000,-9,907,BNA,PVD
2001-01-01 19:31:00.000000,51,847,SFO,EGE
2001-01-01 22:40:00.000000,-9,1188,DFW,ONT
2001-01-02 00:27:00.000000,24,2399,HNL,SFO
2001-01-02 06:20:00.000000,6,129,SEA,PDX
2001-01-02 06:38:00.000000,10,862,DEN,IAH
2001-01-02 08:05:00.000000,-6,1235,DFW,LAX
2001-01-02 09:06:00.000000,-9,1839,CLE,SJU
2001-01-02 10:23:00.000000,34,1521,LAS,MDW
2001-01-02 13:30:00.000000,14,521,PSC,SLC
2001-01-02 13:31:00.000000,4,224,IAH,DFW
2001-01-02 13:41:00.000000,1,1671,PHX,DTW
2001-01-02 21:05:00.000000,-2,447,SFO,SAN
2001-01-03 08:03:00.000000,-8,190,DFW,AUS
2001-01-03 08:35:00.000000,20,422,RNO,SLC
2001-01-03 09:27:00.000000,-6,229,LGA,IAD
2001-01-03 10:46:00.000000,-4,116,CMH,CVG
2001-01-03 11:48:00.000000,6,745,EWR,ATL
2001-01-03 12:19:00.000000,-27,1192,DCA,DFW
2001-01-03 13:45:00.000000,70,1123,DEN,DTW
2001-01-03 15:44:00.000000,20,395,MDW,BNA
2001-01-03 16:09:00.000000,8,719,EWR,ORD
2001-01-03 16:46:00.000000,37,2139,ATL,SFO
2001-01-03 18:16:00.000000,-2,2401,PHL,LAX
2001-01-03 19:19:00.000000,-13,461,GSO,LGA
2001-01-03 19:35:00.000000,6,3784,HNL,DFW
2001-01-03 20:03:00.000000,-3,888,ORD,DEN
2001-01-04 06:03:00.000000,-12,488,ALB,DTW
2001-01-04 06:30:00.000000,-4,363,PHL,CLE
2001-01-04 07:00:00.000000,0,303,MSY,HOU
2001-01-04 07:28:00.000000,-36,1062,RDU,DFW
2001-01-04 09:02:00.000000,-17,980,MSP,PHL
2001-01-04 09:47:00.000000,3,1195,IAH,SLC
2001-01-04 10:02:00.000000,1,1038,PHL,MCI
2001-01-04 10:04:00.000000,-5,1235,LAX,DFW
2001-01-04 11:40:00.000000,124,508,JFK,DTW
2001-01-04 13:15:00.000000,8,1117,IAH,PIT
2001-01-04 17:12:00.000000,-14,843,MHT,ORD
2001-01-04 20:58:00.000000,-11,329,CLT,JAX
2001-01-05 05:55:00.000000,1,190,SHV,DFW
2001-01-05 07:05:00.000000,-8,2329,BWI,LAX
2001-01-05 08:29:00.000000,12,1046,STL,BOS
2001-01-05 09:33:00.000000,-4,1062,RDU,DFW
2001-01-05 11:30:00.000000,-7,256,PHX,LAS
2001-01-05 11:59:00.000000,0,235,ORD,DTW
2001-01-05 12:36:00.000000,-14,337,LAX,SFO
2001-01-05 15:04:00.000000,5,437,DAL,MSY
2001-01-05 16:29:00.000000,35,1926,SLC,PHL
2001-01-05 16:59:00.000000,-10,862,DEN,LAX
2001-01-05 17:16:00.000000,-17,337,LAX,SFO
2001-01-05 17:24:00.000000,22,693,CID,DEN
2001-01-05 19:47:00.000000,20,395,BNA,MDW
2001-01-05 20:50:00.000000,-2,377,BWI,MHT
2001-01-05 21:41:00.000000,60,215,PIT,DAY
2001-01-06 03:15:00.000000,122,866,LAS,SEA
2001-01-06 07:54:00.000000,9,821,JAX,EWR
2001-01-06 08:06:00.000000,30,140,LAW,DFW
2001-01-06 08:46:00.000000,-1,1900,ONT,ATL
2001-01-06 09:08:00.000000,7,508,GSP,DTW
2001-01-06 09:21:00.000000,10,2116,EWR,TUS
2001-01-06 09:39:00.000000,-7,336,PHL,BTV
2001-01-06 12:08:00.000000,-10,802,ORD,DFW
2001-01-06 14:10:00.000000,20,296,DAL,LIT
2001-01-06 16:02:00.000000,-25,460,GSO,DTW
2001-01-06 17:02:00.000000,16,1569,CVG,PHX
2001-01-06 19:13:00.000000,-8,70,CVG,LEX
2001-01-06 20:57:00.000000,-11,185,BOS,LGA
2001-01-07 09:22:00.000000,-1,539,CVG,MCI
2001-01-07 10:50:00.000000,-8,443,RDU,BNA
2001-01-07 12:18:00.000000,3,390,LAX,RNO
2001-01-07 12:39:00.000000,-4,328,DFW,ICT
2001-01-07 18:45:00.000000,12,602,PHX,DEN
2001-01-07 20:00:00.000000,-3,236,LAX,LAS
2001-01-07 20:21:00.000000,-15,2133,EWR,PHX
2001-01-08 07:38:00.000000,3,337,SFO,LAX
2001-01-08 08:10:00.000000,11,529,CLT,EWR
2001-01-08 09:40:00.000000,-5,248,SAT,DAL
2001-01-08 13:38:00.000000,21,308,LAX,SJC
2001-01-08 14:58:00.000000,-18,334,MSP,ORD
2001-01-08 15:10:00.000000,5,410,STL,CMH
2001-01-08 16:30:00.000000,8,1072,MCO,MCI
2001-01-08 16:52:00.000000,24,1124,MSP,BOS
2001-01-08 17:50:00.000000,14,1400,EWR,IAH
2001-01-08 20:10:00.000000,-6,345,LAS,RNO
2001-01-09 06:49:00.000000,-13,190,SHV,DFW
2001-01-09 07:39:00.000000,-11,991,DEN,PDX
2001-01-09 08:04:00.000000,3,641,DFW,DEN
2001-01-09 08:53:00.000000,9,328,ABQ,PHX
2001-01-09 08:55:00.000000,-21,335,LGA,PIT
2001-01-09 12:32:00.000000,-6,862,IAH,DEN
2001-01-09 12:36:00.000000,-8,693,DEN,CID
2001-01-09 12:57:00.000000,-7,1034,IAH,MSP
2001-01-09 13:39:00.000000,-3,569,ABQ,DFW
2001-01-09 14:25:00.000000,49,629,LAS,DEN
2001-01-09 15:04:00.000000,-4,641,DEN,DFW
2001-01-09 15:57:00.000000,5,325,PHX,ONT
2001-01-09 18:35:00.000000,-34,280,BOS,PHL
2001-01-09 19:38:00.000000,-20,1830,ORD,SJC
2001-01-09 21:25:00.000000,-6,368,LAS,SLC
2001-01-10 05:59:00.000000,-13,185,BOS,LGA
2001-01-10 08:33:00.000000,1,213,DCA,JFK
2001-01-10 08:42:00.000000,-17,304,LIT,DFW
2001-01-10 10:58:00.000000,-6,138,BTR,JAN
2001-01-10 13:30:00.000000,20,214,DCA,LGA
2001-01-10 14:08:00.000000,76,325,ONT,PHX
2001-01-10 21:13:00.000000,65,460,MCI,DFW
2001-01-10 21:53:00.000000,60,1069,CVG,DEN
2001-01-10 22:23:00.000000,18,1542,PDX,ANC
2001-01-10 22:28:00.000000,2,237,DFW,TUL
2001-01-11 06:52:00.000000,-1,373,SMF,LAX
2001-01-11 13:15:00.000000,-7,936,CLT,DFW
2001-01-11 13:17:00.000000,10,1188,ONT,DFW
2001-01-11 14:22:00.000000,1,448,DFW,MSY
2001-01-11 14:47:00.000000,-16,802,DFW,ORD
2001-01-11 17:55:00.000000,-24,238,MKE,DTW
2001-01-11 18:07:00.000000,33,1235,BWI,IAH
2001-01-11 19:38:00.000000,37,1117,IAH,PIT
2001-01-11 20:14:00.000000,51,966,MCI,BWI
2001-01-12 09:49:00.000000,-9,977,IND,DEN
2001-01-12 12:52:00.000000,90,647,PHX,SMF
2001-01-12 12:56:00.000000,-2,214,LGA,DCA
2001-01-12 14:24:00.000000,30,421,SFO,PSP
2001-01-12 14:39:00.000000,-6,661,CVG,BDL
2001-01-12 14:53:00.000000,-21,610,DTW,MEM
2001-01-12 16:36:00.000000,5,73,COS,DEN
2001-01-12 17:06:00.000000,-17,980,MSP,PHL
2001-01-12 17:21:00.000000,-3,116,CMH,CVG
2001-01-12 19:23:00.000000,-27,1046,BOS,STL
2001-01-12 21:30:00.000000,10,197,FLL,TPA
2001-01-12 21:45:00.000000,8,303,MSY,HOU
2001-01-13 07:50:00.000000,0,1428,MSY,SLC
2001-01-13 08:33:00.000000,-1,556,MEM,MKE
2001-01-13 10:00:00.000000,-4,200,EWR,BOS
2001-01-13 14:29:00.000000,-2,447,SAN,SFO
2001-01-13 14:32:00.000000,0,719,EWR,ORD
2001-01-13 16:35:00.000000,-13,296,LIT,STL
2001-01-13 16:56:00.000000,-40,1589,MSP,SFO
2001-01-13 19:25:00.000000,-34,1035,PBI,LGA
2001-01-13 21:35:00.000000,-7,270,JAX,ATL
2001-01-13 23:57:00.000000,-23,2419,SFO,IAD
2001-01-14 10:32:00.000000,-14,522,XNA,ORD
2001-01-14 11:12:00.000000,1,211,BHM,JAN
2001-01-14 11:29:00.000000,-3,1678,LAS,CVG
2001-01-14 12:06:00.000000,-3,639,DEN,TUS
2001-01-14 16:06:00.000000,-6,925,BWI,FLL
2001-01-14 18:03:00.000000,52,296,ORF,LGA
2001-01-14 19:03:00.000000,-3,651,SFO,PHX
2001-01-15 07:40:00.000000,-18,186,PIT,BUF
2001-01-15 11:56:00.000000,-13,545,ATL,PBI
2001-01-15 12:14:00.000000,31,208,PIT,ELM
2001-01-15 13:00:00.000000,-2,345,RNO,LAS
2001-01-15 13:20:00.000000,9,533,MCI,DEN
2001-01-15 15:24:00.000000,-16,403,MEM,CVG
2001-01-15 16:20:00.000000,0,197,TPA,FLL
2001-01-15 18:42:00.000000,-2,2475,JFK,LAX
2001-01-15 18:50:00.000000,-13,422,SLC,RNO
2001-01-15 19:18:00.000000,96,181,BOS,BTV
2001-01-15 19:35:00.000000,-5,248,SAT,DAL
2001-01-15 21:07:00.000000,128,144,JFK,PVD
2001-01-16 06:23:00.000000,-9,1235,LAX,DFW
2001-01-16 09:58:00.000000,-12,1557,PHL,DEN
2001-01-16 13:39:00.000000,-5,151,ATL,HSV
2001-01-16 13:55:00.000000,2,332,ABQ,MAF
2001-01-16 14:04:00.000000,-12,1005,TPA,JFK
2001-01-16 16:41:00.000000,9,925,ORD,IAH
2001-01-16 17:10:00.000000,-5,543,OAK,PDX
2001-01-16 17:48:00.000000,3,714,SWF,ORD
2001-01-16 18:59:00.000000,24,595,MIA,ATL
2001-01-16 20:04:00.000000,-22,2248,JFK,LAS
2001-01-17 07:28:00.000000,-16,696,STL,IAD
2001-01-17 08:00:00.000000,4,405,MDW,MCI
2001-01-17 09:57:00.000000,-11,214,DCA,LGA
2001-01-17 12:12:00.000000,28,2475,JFK,LAX
2001-01-17 13:29:00.000000,6,185,BOS,LGA
2001-01-17 14:45:00.000000,-7,109,MSN,ORD
2001-01-17 16:49:00.000000,-9,663,JAX,BWI
2001-01-17 17:55:00.000000,0,236,LAX,LAS
2001-01-17 20:45:00.000000,4,67,ORD,MKE
2001-01-18 00:44:00.000000,0,1464,SFO,DFW
2001-01-18 01:46:00.000000,22,1300,LAS,MSP
2001-01-18 06:13:00.000000,3,100,OGG,HNL
2001-01-18 07:05:00.000000,10,1140,LAS,MCI
2001-01-18 07:40:00.000000,-2,209,EWR,MHT
2001-01-18 12:41:00.000000,-7,334,ORD,MSP
2001-01-18 13:34:00.000000,-9,550,SFO,PDX
2001-01-18 15:01:00.000000,4,733,ORD,LGA
2001-01-18 16:18:00.000000,9,1211,LAX,SAT
2001-01-18 19:07:00.000000,-3,116,CMH,CVG
2001-01-19 08:15:00.000000,3,162,MDW,IND
2001-01-19 11:01:00.000000,-4,2486,LAX,OGG
2001-01-19 11:06:00.000000,-19,1989,SLC,JFK
2001-01-19 11:42:00.000000,-16,235,ORD,DTW
2001-01-19 12:59:00.000000,4,387,SJC,LAS
2001-01-19 15:57:00.000000,51,843,PHX,SAT
2001-01-19 17:15:00.000000,52,365,PHL,PWM
2001-01-19 17:40:00.000000,-14,585,TUL,ORD
2001-01-19 17:46:00.000000,51,264,CVG,ORD
2001-01-19 18:10:00.000000,0,447,SFO,SAN
2001-01-19 18:45:00.000000,85,749,ROC,ATL
2001-01-20 07:00:00.000000,-1,732,ATL,DFW
2001-01-20 07:56:00.000000,-23,214,DCA,LGA
2001-01-20 07:57:00.000000,-10,1103,PBI,DFW
2001-01-20 08:12:00.000000,5,153,GSP,ATL
2001-01-20 08:43:00.000000,-5,813,TUS,DFW
2001-01-20 09:03:00.000000,-22,920,MIA,DCA
2001-01-20 09:28:00.000000,-47,1145,MIA,DTW
2001-01-20 10:05:00.000000,-5,197,ONT,LAS
2001-01-20 13:13:00.000000,28,529,CLT,EWR
2001-01-20 13:32:00.000000,-22,991,SLC,MSP
2001-01-20 16:25:00.000000,49,116,ORD,BMI
2001-01-20 17:56:00.000000,33,240,DAY,ORD
2001-01-20 18:04:00.000000,-5,1199,DEN,ATL
2001-01-20 20:58:00.000000,-8,631,CLT,FLL
2001-01-20 23:44:00.000000,9,1772,LAS,CMH
2001-01-21 06:53:00.000000,-21,957,DTW,MCO
2001-01-21 08:17:00.000000,-9,720,EGE,DFW
2001-01-21 08:30:00.000000,-25,337,LAX,SFO
2001-01-21 08:52:00.000000,-8,532,SLC,SMF
2001-01-21 09:39:00.000000,1,647,RDU,ORD
2001-01-21 13:31:00.000000,-11,2399,HNL,SFO
2001-01-21 13:52:00.000000,11,362,ONT,OAK
2001-01-21 15:20:00.000000,3,843,SAT,PHX
2001-01-21 19:52:00.000000,-11,1498,ORD,GEG
2001-01-21 20:46:00.000000,9,305,IAH,MSY
2001-01-22 05:54:00.000000,-24,548,BDL,DTW
2001-01-22 06:23:00.000000,18,1090,JFK,MIA
2001-01-22 06:55:00.000000,0,187,CRP,HOU
2001-01-22 07:22:00.000000,-14,1192,DCA,DFW
2001-01-22 08:48:00.000000,26,1674,BOS,SJU
2001-01-22 09:19:00.000000,-7,1865,CVG,SAN
2001-01-22 11:07:00.000000,-5,430,CVG,BWI
2001-01-22 11:37:00.000000,-16,1372,LAS,STL
2001-01-22 11:57:00.000000,-15,214,LGA,DCA
2001-01-22 13:38:00.000000,-7,1634,STT,EWR
2001-01-22 13:57:00.000000,-17,334,MSP,ORD
2001-01-22 14:42:00.000000,-10,1562,BOS,DFW
2001-01-22 14:48:00.000000,-17,689,SLC,SEA
2001-01-22 16:50:00.000000,-13,590,LAX,SLC
2001-01-22 17:20:00.000000,-12,696,SEA,SJC
2001-01-22 19:47:00.000000,-8,334,ORD,MSP
2001-01-22 19:53:00.000000,-13,199,EWR,DCA
2001-01-22 20:35:00.000000,-10,646,OAK,PHX
2001-01-22 21:26:00.000000,18,258,SAN,LAS
2001-01-23 06:15:00.000000,-6,696,IAD,STL
2001-01-23 09:40:00.000000,-5,325,OAK,BUR
2001-01-23 11:07:00.000000,47,135,ORD,CMI
2001-01-23 13:46:00.000000,-14,678,ORD,PHL
2001-01-23 16:48:00.000000,-14,473,ORD,BUF
2001-01-23 16:55:00.000000,-3,197,FLL,TPA
2001-01-23 17:35:00.000000,-9,867,BOS,ORD
2001-01-23 17:38:00.000000,129,550,PDX,SFO
2001-01-23 19:58:00.000000,-11,228,PHL,SYR
2001-01-23 20:28:00.000000,6,1347,IAH,SNA
2001-01-24 01:02:00.000000,-14,1055,LAS,DFW
2001-01-24 06:20:00.000000,2,719,DCA,STL
2001-01-24 06:51:00.000000,-7,468,MCO,CLT
2001-01-24 07:38:00.000000,-3,229,IND,STL
2001-01-24 09:05:00.000000,24,1548,TUS,CVG
2001-01-24 11:36:00.000000,-2,256,LAS,PHX
2001-01-24 12:45:00.000000,8,110,PSP,LAX
2001-01-24 15:40:00.000000,-19,1635,IAH,SFO
2001-01-24 16:25:00.000000,5,423,MDW,OMA
2001-01-24 16:43:00.000000,5,933,SAN,PDX
2001-01-24 17:38:00.000000,-1,129,SEA,PDX
2001-01-24 19:23:00.000000,24,632,DTW,BOS
2001-01-24 19:49:00.000000,-10,453,ATL,LIT
2001-01-25 07:20:00.000000,-4,373,LAX,SMF
2001-01-25 07:58:00.000000,5,1557,DEN,PHL
2001-01-25 08:12:00.000000,-29,2176,PHL,LAS
2001-01-25 14:42:00.000000,20,913,IAH,CLT
2001-01-25 18:37:00.000000,46,1416,IAH,LGA
2001-01-25 20:08:00.000000,12,846,DEN,SNA
2001-01-25 20:31:00.000000,-23,264,BOS,SYR
2001-01-25 21:59:00.000000,6,2306,SEA,IAD
2001-01-26 06:08:00.000000,-13,405,DCA,DTW
2001-01-26 06:43:00.000000,11,1043,RDU,IAH
2001-01-26 11:21:00.000000,52,906,MSP,ATL
2001-01-26 11:27:00.000000,-8,336,RDU,PHL
2001-01-26 12:07:00.000000,-4,957,DTW,MCO
2001-01-26 13:08:00.000000,-13,763,ORD,BTV
2001-01-26 13:50:00.000000,-12,507,PHX,SLC
2001-01-26 15:01:00.000000,-4,514,GSP,PHL
2001-01-26 17:39:00.000000,-17,946,ATL,BOS
2001-01-26 20:40:00.000000,7,335,LGA,PIT
2001-01-26 20:45:00.000000,6,445,ATL,SRQ
2001-01-26 21:48:00.000000,67,554,CLE,ATL
2001-01-26 22:29:00.000000,-2,354,DFW,CRP
2001-01-26 23:03:00.000000,36,144,JFK,PVD
2001-01-27 06:30:00.000000,-5,181,BTV,BOS
2001-01-27 06:57:00.000000,11,440,DTW,STL
2001-01-27 07:11:00.000000,-5,312,MSN,DTW
2001-01-27 11:21:00.000000,-1,416,ORD,OMA
2001-01-27 11:38:00.000000,6,1076,FLL,LGA
2001-01-27 11:48:00.000000,56,412,ORD,PIT
2001-01-27 14:16:00.000000,-1,640,BOS,CMH
2001-01-27 14:28:00.000000,-7,984,DFW,MCO
2001-01-27 15:43:00.000000,49,920,MIA,DCA
2001-01-27 15:57:00.000000,-17,387,LAS,SJC
2001-01-27 16:35:00.000000,-21,197,MSP,FSD
2001-01-27 16:43:00.000000,-21,1449,ANC,SEA
2001-01-27 17:23:00.000000,-36,1050,BDL,MSP
2001-01-27 17:37:00.000000,15,1099,LAS,OMA
2001-01-28 06:56:00.000000,4,190,DFW,AUS
2001-01-28 07:39:00.000000,-24,1515,LAS,ORD
2001-01-28 08:27:00.000000,-9,440,STL,DTW
2001-01-28 10:57:00.000000,-11,448,PHL,CLT
2001-01-28 11:00:00.000000,12,873,TPA,PIT
2001-01-28 11:41:00.000000,-5,1076,DTW,IAH
2001-01-28 12:32:00.000000,-14,1076,FLL,LGA
2001-01-28 19:24:00.000000,50,137,ORD,GRR
2001-01-28 21:30:00.000000,14,187,HOU,CRP
2001-01-29 00:08:00.000000,113,1262,STL,PHX
2001-01-29 05:56:00.000000,7,334,ORD,MSP
2001-01-29 07:28:00.000000,3,719,EWR,ORD
2001-01-29 07:37:00.000000,-1,308,LAX,SJC
2001-01-29 07:57:00.000000,-3,100,HNL,OGG
2001-01-29 08:56:00.000000,-16,1068,EWR,RSW
2001-01-29 11:30:00.000000,32,282,DFW,LBB
2001-01-29 11:37:00.000000,-2,372,SFO,SNA
2001-01-29 13:53:00.000000,-14,700,RDU,MIA
2001-01-29 16:41:00.000000,7,2248,LAS,JFK
2001-01-30 06:56:00.000000,-1,113,AZO,DTW
2001-01-30 07:34:00.000000,-26,1608,EWR,SJU
2001-01-30 08:05:00.000000,15,460,DFW,MCI
2001-01-30 10:00:00.000000,28,306,ATL,GSO
2001-01-30 12:22:00.000000,25,1023,DTW,SRQ
2001-01-30 13:09:00.000000,-14,1069,DEN,CVG
2001-01-30 14:25:00.000000,-12,507,SLC,PHX
2001-01-30 16:01:00.000000,26,420,DEN,ICT
2001-01-30 17:00:00.000000,-10,192,SAT,HOU
2001-01-30 19:26:00.000000,5,332,ATL,MEM
2001-01-30 20:12:00.000000,-13,342,STL,OMA
2001-01-30 20:50:00.000000,-8,318,JAX,FLL
2001-01-30 23:14:00.000000,2,145,JFK,ALB
2001-01-31 07:15:00.000000,4,405,MCI,MDW
2001-01-31 08:00:00.000000,-6,491,MEM,ORD
2001-01-31 09:00:00.000000,19,719,EWR,ORD
2001-01-31 10:54:00.000000,-9,336,SDF,CLT
2001-01-31 11:10:00.000000,-20,1865,SAN,CVG
2001-01-31 14:18:00.000000,-4,342,STL,OMA
2001-01-31 15:06:00.000000,-3,1536,LAX,MSP
2001-01-31 15:24:00.000000,2,696,SEA,SJC
2001-01-31 15:45:00.000000,-10,318,MKE,CVG
2001-01-31 16:01:00.000000,-6,239,PIT,ITH
2001-01-31 18:51:00.000000,-8,1569,EWR,SAT
2001-01-31 20:01:00.000000,6,601,PHX,RNO
2001-01-31 21:09:00.000000,7,226,SNA,LAS
2001-01-31 21:35:00.000000,-27,992,FLL,PHL
2001-02-01 06:18:00.000000,-3,308,LAX,SJC
2001-02-01 09:25:00.000000,-4,602,PHX,DEN
2001-02-01 10:25:00.000000,5,89,SBA,LAX
2001-02-01 10:52:00.000000,-4,1400,EWR,IAH
2001-02-01 11:37:00.000000,29,1021,DFW,CLE
2001-02-01 11:45:00.000000,11,328,PHX,ABQ
2001-02-01 13:26:00.000000,-7,867,BOS,ORD
2001-02-01 15:28:00.000000,6,216,ITO,HNL
2001-02-01 16:42:00.000000,-2,414,SFO,LAS
2001-02-01 18:30:00.000000,-8,978,AUS,ORD
2001-02-01 19:29:00.000000,4,931,DCA,MSP
2001-02-01 22:40:00.000000,-10,1262,STL,PHX
2001-02-01 23:36:00.000000,-14,1616,PDX,DFW
2001-02-02 05:26:00.000000,-4,581,FLL,ATL
2001-02-02 06:04:00.000000,-1,529,ORF,DTW
2001-02-02 06:35:00.000000,18,1086,EWR,MIA
2001-02-02 07:00:00.000000,-14,190,SHV,DFW
2001-02-02 07:56:00.000000,-1,2475,LAX,JFK
2001-02-02 08:27:00.000000,7,1979,LAX,DTW
2001-02-02 09:18:00.000000,-20,1439,DFW,SJC
2001-02-02 09:26:00.000000,6,787,TPA,IAH
2001-02-02 12:54:00.000000,-7,296,CMH,ORD
2001-02-02 14:11:00.000000,8,678,PHL,ORD
2001-02-02 14:25:00.000000,-17,1021,DFW,CLE
2001-02-02 16:16:00.000000,-6,228,SJT,DFW
2001-02-02 16:39:00.000000,4,189,DAL,AUS
2001-02-02 17:16:00.000000,33,368,LAS,SLC
2001-02-02 18:42:00.000000,-14,431,RDU,LGA
2001-02-02 19:00:00.000000,-7,651,PHX,SFO
2001-02-02 19:42:00.000000,-10,90,PHL,BWI
2001-02-02 20:36:00.000000,3,77,ABE,MDT
2001-02-03 07:41:00.000000,-5,209,LAX,FAT
2001-02-03 12:32:00.000000,59,998,TPA,EWR
2001-02-03 13:05:00.000000,0,752,BOS,CVG
2001-02-03 13:57:00.000000,-21,200,EWR,BOS
2001-02-03 14:20:00.000000,-20,1262,PHX,STL
2001-02-03 18:45:00.000000,0,451,LAX,TUS
2001-02-04 08:05:00.000000,-9,544,LGA,CLT
2001-02-04 09:45:00.000000,-5,549,OTZ,ANC
2001-02-04 10:05:00.000000,-4,911,ORD,COS
2001-02-04 11:16:00.000000,23,964,IAH,MIA
2001-02-04 11:50:00.000000,-6,418,SJC,SAN
2001-02-04 15:15:00.000000,0,187,HOU,CRP
2001-02-04 15:35:00.000000,47,758,BNA,PBI
2001-02-04 16:28:00.000000,-2,866,SEA,LAS
2001-02-04 17:38:00.000000,3,305,IAH,MSY
2001-02-04 17:43:00.000000,4,964,IAH,MIA
2001-02-04 18:50:00.000000,18,786,SAT,STL
2001-02-04 20:40:00.000000,32,237,STL,MCI
2001-02-05 07:40:00.000000,-4,462,STL,OKC
2001-02-05 07:57:00.000000,3,692,ATL,MCI
2001-02-05 11:20:00.000000,7,163,HNL,KOA
2001-02-05 12:22:00.000000,-6,356,ATL,RDU
2001-02-05 12:41:00.000000,-13,309,DFW,MAF
2001-02-05 12:42:00.000000,-7,762,DFW,IND
2001-02-05 12:45:00.000000,-5,248,DAL,SAT
2001-02-05 14:07:00.000000,18,264,SYR,BOS
2001-02-05 15:02:00.000000,-3,228,FSM,DFW
2001-02-05 20:02:00.000000,365,745,ATL,EWR
2001-02-05 20:24:00.000000,17,547,DCA,ATL
2001-02-06 06:31:00.000000,-31,1975,PDX,CVG
2001-02-06 08:06:00.000000,92,280,BOS,PHL
2001-02-06 08:55:00.000000,3,550,STL,DFW
2001-02-06 09:11:00.000000,23,293,DAL,LBB
2001-02-06 10:11:00.000000,110,761,ATL,LGA
2001-02-06 11:19:00.000000,-12,888,DEN,ORD
2001-02-06 13:03:00.000000,-9,603,HSV,DFW
2001-02-06 13:10:00.000000,-11,1046,SJU,FLL
2001-02-06 13:51:00.000000,-4,372,SNA,SFO
2001-02-06 15:00:00.000000,-15,271,BNA,STL
2001-02-06 15:56:00.000000,-10,1235,DFW,LAX
2001-02-06 16:50:00.000000,0,636,ELP,SAN
2001-02-06 18:20:00.000000,-12,205,DCA,PIT
2001-02-06 18:40:00.000000,-16,431,RDU,LGA
2001-02-06 20:32:00.000000,4,1276,MSP,PHX
2001-02-06 21:15:00.000000,-5,187,HOU,CRP
2001-02-06 22:44:00.000000,7,346,CLT,CMH
2001-02-07 07:30:00.000000,-19,370,LAX,PHX
2001-02-07 11:26:00.000000,-15,337,SFO,LAX
2001-02-07 12:05:00.000000,-5,663,JAX,BWI
2001-02-07 12:11:00.000000,51,532,SLC,FCA
2001-02-07 13:10:00.000000,6,328,ABQ,PHX
2001-02-07 13:37:00.000000,-3,1807,SFO,MEM
2001-02-07 14:58:00.000000,1,236,LAS,LAX
2001-02-07 17:13:00.000000,-17,600,CLT,RSW
2001-02-07 21:42:00.000000,-2,1208,IAH,DCA
2001-02-07 21:59:00.000000,-29,2475,LAX,JFK
2001-02-08 06:30:00.000000,-6,1012,ORD,TPA
2001-02-08 11:00:00.000000,1,651,CLT,MSY
2001-02-08 13:50:00.000000,0,358,BUR,SMF
2001-02-08 14:40:00.000000,7,480,SAN,SMF
2001-02-08 15:00:00.000000,-15,610,DTW,MEM
2001-02-08 15:01:00.000000,-8,468,BOS,ORF
2001-02-08 16:10:00.000000,0,500,CLT,DTW
2001-02-08 20:19:00.000000,23,553,PIT,STL
2001-02-08 21:53:00.000000,65,983,DTW,TPA
2001-02-09 06:15:00.000000,-12,512,MEM,CLT
2001-02-09 07:03:00.000000,46,642,ORD,RIC
2001-02-09 08:15:00.000000,-2,1557,PHL,DEN
2001-02-09 10:30:00.000000,0,683,MCO,MEM
2001-02-09 11:20:00.000000,-8,1671,CMH,PHX
2001-02-09 14:05:00.000000,14,1456,OAK,DFW
2001-02-09 14:36:00.000000,13,239,DAL,HOU
2001-02-09 15:37:00.000000,-8,290,CLT,ORF
2001-02-09 15:59:00.000000,2,282,LBB,DFW
2001-02-09 17:15:00.000000,24,1021,DFW,CLE
2001-02-09 17:28:00.000000,9,1050,SAN,SEA
2001-02-09 17:46:00.000000,13,651,SFO,PHX
2001-02-09 22:34:00.000000,44,271,STL,BNA
2001-02-10 05:25:00.000000,-10,515,RSW,ATL
2001-02-10 07:49:00.000000,8,405,MDW,MCI
2001-02-10 08:57:00.000000,-24,1587,PHX,ATL
2001-02-10 11:12:00.000000,-12,802,DFW,ORD
2001-02-10 13:35:00.000000,-7,251,MDW,STL
2001-02-10 13:40:00.000000,36,529,CLT,EWR
2001-02-10 15:10:00.000000,0,248,DAL,SAT
2001-02-10 20:10:00.000000,-3,109,SAN,LAX
2001-02-11 06:18:00.000000,14,849,PVD,ORD
2001-02-11 07:09:00.000000,-8,445,SRQ,ATL
2001-02-11 10:18:00.000000,-12,732,DFW,ATL
2001-02-11 11:58:00.000000,-5,185,ILM,CLT
2001-02-11 13:32:00.000000,-20,1870,SEA,MEM
2001-02-11 16:35:00.000000,-10,296,LIT,STL
2001-02-11 16:46:00.000000,-1,528,DTW,MSP
2001-02-11 17:40:00.000000,12,1099,OMA,LAS
2001-02-11 20:15:00.000000,3,719,EWR,ORD
2001-02-11 21:20:00.000000,-22,737,STL,BWI
2001-02-12 06:09:00.000000,4,113,SPS,DFW
2001-02-12 06:25:00.000000,8,480,SMF,SAN
2001-02-12 10:40:00.000000,-12,96,MIA,APF
2001-02-12 11:10:00.000000,11,1142,MSP,BOI
2001-02-12 12:15:00.000000,45,258,LAS,SAN
2001-02-12 16:13:00.000000,-9,1440,ORD,PHX
2001-02-12 17:09:00.000000,-8,719,EWR,ORD
2001-02-12 18:00:00.000000,85,2475,JFK,LAX
2001-02-12 18:30:00.000000,7,1751,BNA,SAN
2001-02-12 18:59:00.000000,14,813,STL,PHL
2001-02-12 20:48:00.000000,28,1456,DFW,OAK
2001-02-12 22:10:00.000000,4,308,IAH,BRO
2001-02-13 09:00:00.000000,0,544,MDW,LIT
2001-02-13 11:04:00.000000,41,1671,DTW,PHX
2001-02-13 11:45:00.000000,-10,325,BUR,OAK
2001-02-13 12:36:00.000000,4,1172,DFW,IAD
2001-02-13 15:19:00.000000,40,425,MSY,ATL
2001-02-13 16:29:00.000000,-1,448,MSY,DFW
2001-02-13 18:19:00.000000,71,1745,ORD,LAX
2001-02-13 18:42:00.000000,42,1521,LAS,MDW
2001-02-14 07:32:00.000000,10,100,HNL,OGG
2001-02-14 08:17:00.000000,47,1576,PHL,SJU
2001-02-14 09:15:00.000000,-3,197,FLL,TPA
2001-02-14 09:34:00.000000,21,906,MCO,ABE
2001-02-14 17:55:00.000000,8,328,BWI,PVD
2001-02-14 19:52:00.000000,2,147,ORD,DBQ
2001-02-15 07:25:00.000000,-8,281,BUF,BWI
2001-02-15 11:00:00.000000,-1,451,LAX,TUS
2001-02-15 11:00:00.000000,78,797,MDW,DFW
2001-02-15 15:15:00.000000,74,737,BWI,STL
2001-02-15 16:17:00.000000,25,920,PHL,TPA
2001-02-15 18:08:00.000000,16,2106,PIT,SAN
2001-02-15 19:05:00.000000,20,328,PIT,SBN
2001-02-16 05:19:00.000000,10,745,EWR,ATL
2001-02-16 06:05:00.000000,41,1107,SEA,PHX
2001-02-16 06:37:00.000000,17,642,RIC,ORD
2001-02-16 06:50:00.000000,14,297,SJC,BUR
2001-02-16 11:21:00.000000,9,362,ONT,OAK
2001-02-16 18:05:00.000000,32,569,EWR,CVG
2001-02-16 19:07:00.000000,55,1846,SFO,ORD
2001-02-16 19:21:00.000000,61,872,DEN,MEM
2001-02-16 20:06:00.000000,21,862,LAX,DEN
2001-02-16 21:35:00.000000,50,318,JAX,FLL
2001-02-16 22:11:00.000000,53,181,BOS,BTV
2001-02-17 07:03:00.000000,0,253,ABE,PIT
2001-02-17 09:28:00.000000,-23,544,CLT,LGA
2001-02-17 09:30:00.000000,0,1977,BNA,SEA
2001-02-17 09:47:00.000000,-3,201,PIT,DTW
2001-02-17 09:59:00.000000,123,378,BGR,LGA
2001-02-17 10:29:00.000000,23,718,MCO,SDF
2001-02-17 11:10:00.000000,-9,1020,MSP,LGA
2001-02-17 11:45:00.000000,129,432,DAY,ATL
2001-02-17 11:49:00.000000,-18,309,MAF,DFW
2001-02-17 12:26:00.000000,-8,337,LAX,SFO
2001-02-17 15:06:00.000000,-21,1144,PBI,ORD
2001-02-17 17:10:00.000000,15,338,PHX,SNA
2001-02-17 18:59:00.000000,24,599,SLC,SFO
2001-02-17 19:07:00.000000,5,2125,CLT,LAX
2001-02-17 19:40:00.000000,-4,191,CAE,ATL
2001-02-17 21:10:00.000000,10,247,DFW,SAT
2001-02-18 06:23:00.000000,-3,164,CRW,PIT
2001-02-18 07:47:00.000000,2,1182,FLL,ORD
2001-02-18 08:32:00.000000,-8,1220,LGB,DFW
2001-02-18 10:56:00.000000,11,83,CLT,GSO
2001-02-18 14:21:00.000000,10,328,DFW,ICT
2001-02-18 15:15:00.000000,2,163,KOA,HNL
2001-02-18 16:21:00.000000,21,562,IAH,BHM
2001-02-18 17:08:00.000000,-13,606,ORD,ATL
2001-02-18 17:33:00.000000,2,460,DFW,MCI
2001-02-18 19:27:00.000000,-16,1222,LAS,IAH
2001-02-19 05:39:00.000000,15,304,LIT,DFW
2001-02-19 06:30:00.000000,6,193,MIA,MCO
2001-02-19 07:15:00.000000,10,966,BWI,MCI
2001-02-19 09:05:00.000000,-38,544,LGA,CLT
2001-02-19 12:04:00.000000,-9,313,DCA,BDL
2001-02-19 14:34:00.000000,75,589,IAD,ORD
2001-02-19 14:35:00.000000,-5,351,STL,TUL
2001-02-19 16:13:00.000000,30,1946,ATL,LAX
2001-02-19 16:40:00.000000,-13,634,MEM,RDU
2001-02-19 17:14:00.000000,-16,717,ORF,ORD
2001-02-19 17:20:00.000000,-14,341,ATL,JAN
2001-02-19 19:34:00.000000,8,496,SAT,ELP
2001-02-20 07:41:00.000000,24,1199,DEN,ATL
2001-02-20 08:00:00.000000,-12,1557,DEN,PHL
2001-02-20 09:20:00.000000,-7,569,ABQ,DFW
2001-02-20 11:53:00.000000,5,588,SLC,SNA
2001-02-20 12:22:00.000000,0,906,ABE,MCO
2001-02-20 13:26:00.000000,-11,351,TUL,STL
2001-02-20 17:55:00.000000,17,334,JAX,MIA
2001-02-20 19:36:00.000000,23,235,DTW,ORD
2001-02-20 20:15:00.000000,4,197,TPA,FLL
2001-02-20 20:44:00.000000,-3,1024,PBI,EWR
2001-02-21 07:10:00.000000,-9,1107,PHX,SEA
2001-02-21 07:54:00.000000,-9,1008,EWR,MSP
2001-02-21 08:22:00.000000,9,862,LAX,DEN
2001-02-21 09:35:00.000000,-5,866,LAS,SEA
2001-02-21 11:45:00.000000,4,314,BWI,CLE
2001-02-21 12:04:00.000000,26,109,LAX,SAN
2001-02-21 13:00:00.000000,-31,1034,MSP,IAH
2001-02-21 13:54:00.000000,-11,481,ATL,RIC
2001-02-21 14:04:00.000000,36,761,LGA,ATL
2001-02-21 16:09:00.000000,22,347,PHX,ELP
2001-02-21 17:03:00.000000,-6,643,MCI,IAH
2001-02-21 18:01:00.000000,-4,404,SNA,SMF
2001-02-21 22:27:00.000000,7,2475,LAX,JFK
2001-02-22 06:50:00.000000,-7,355,LGB,PHX
2001-02-22 08:57:00.000000,21,722,STL,AUS
2001-02-22 09:19:00.000000,9,326,IAD,BDL
2001-02-22 09:20:00.000000,3,819,DEN,ONT
2001-02-22 09:26:00.000000,-15,120,CLT,TRI
2001-02-22 12:41:00.000000,10,280,BOS,PHL
2001-02-22 13:41:00.000000,27,2556,HNL,LAX
2001-02-22 13:45:00.000000,23,1140,MCI,LAS
2001-02-22 14:25:00.000000,-1,491,ORD,MEM
2001-02-22 15:58:00.000000,48,1830,SJC,ORD
2001-02-22 18:55:00.000000,-1,977,DEN,IND
2001-02-22 19:08:00.000000,20,1201,DEN,CLE
2001-02-22 22:35:00.000000,140,197,TPA,FLL
2001-02-23 06:30:00.000000,-4,491,ORD,MEM
2001-02-23 10:30:00.000000,0,337,OAK,LAX
2001-02-23 10:55:00.000000,-2,288,BWI,ALB
2001-02-23 11:46:00.000000,33,1119,FLL,DFW
2001-02-23 13:15:00.000000,-7,622,MSP,CLE
2001-02-23 13:20:00.000000,10,308,SJC,LAX
2001-02-23 13:47:00.000000,95,393,HOU,LIT
2001-02-23 14:55:00.000000,-9,862,LAX,DEN
2001-02-23 16:15:00.000000,-7,351,TUL,STL
2001-02-23 17:18:00.000000,14,853,MKE,DFW
2001-02-23 22:31:00.000000,-3,2288,LAX,IAD
2001-02-23 22:45:00.000000,94,866,SEA,LAS
2001-02-24 11:20:00.000000,100,1117,IAH,PIT
2001-02-24 12:35:00.000000,76,550,PDX,SFO
2001-02-24 13:22:00.000000,15,732,ATL,DFW
2001-02-24 20:30:00.000000,4,337,SFO,LAX
2001-02-25 06:57:00.000000,4,762,IND,DFW
2001-02-25 07:19:00.000000,-2,1929,MCO,SLC
2001-02-25 08:54:00.000000,2,1946,LAX,ATL
2001-02-25 10:30:00.000000,24,967,DEN,SFO
2001-02-25 13:07:00.000000,199,409,BNA,ORD
2001-02-25 13:12:00.000000,-8,495,OKC,DEN
2001-02-25 14:40:00.000000,73,843,ORD,MHT
2001-02-25 16:43:00.000000,161,837,MSY,ORD
2001-02-25 17:34:00.000000,-11,595,ATL,MIA
2001-02-25 17:54:00.000000,5,288,GRB,DTW
2001-02-25 22:27:00.000000,24,679,SFO,SEA
2001-02-25 22:40:00.000000,0,2486,OGG,LAX
2001-02-26 07:15:00.000000,9,678,PHL,ORD
2001-02-26 09:14:00.000000,35,1865,CVG,SAN
2001-02-26 09:35:00.000000,-4,328,BWI,PVD
2001-02-26 12:33:00.000000,-13,283,BDL,BWI
2001-02-26 12:45:00.000000,-1,849,PVD,ORD
2001-02-26 14:23:00.000000,-11,403,MCI,ORD
2001-02-26 15:12:00.000000,18,223,FAR,MSP
2001-02-26 18:54:00.000000,-7,109,ORD,MSN
2001-02-26 19:37:00.000000,10,390,SMF,ONT
2001-02-26 20:04:00.000000,13,528,ROC,ORD
2001-02-26 20:44:00.000000,-2,240,ORD,DAY
2001-02-27 06:25:00.000000,20,313,MCI,OKC
2001-02-27 08:41:00.000000,-1,908,IAD,MSP
2001-02-27 10:20:00.000000,33,178,FLL,MCO
2001-02-27 10:34:00.000000,50,336,PHL,BTV
2001-02-27 12:05:00.000000,0,307,CLE,MDW
2001-02-27 15:19:00.000000,-10,689,ATL,IAH
2001-02-27 17:03:00.000000,-7,1197,MIA,ORD
2001-02-27 21:00:00.000000,-4,168,CLT,CHS
2001-02-27 21:40:00.000000,10,447,SAN,SFO
2001-02-28 07:19:00.000000,8,89,LAX,SBA
2001-02-28 07:22:00.000000,0,1307,MSP,TPA
2001-02-28 07:55:00.000000,-20,316,ORD,CLE
2001-02-28 08:18:00.000000,-14,678,ORD,PHL
2001-02-28 09:56:00.000000,-1,606,ATL,ORD
2001-02-28 11:15:00.000000,12,405,MDW,MCI
2001-02-28 11:36:00.000000,7,440,STL,DTW
2001-02-28 13:08:00.000000,3,892,STL,JFK
2001-02-28 14:29:00.000000,10,1379,IAH,LAX
2001-02-28 14:56:00.000000,-7,612,DCA,ORD
2001-02-28 15:31:00.000000,53,256,PHX,LAS
2001-03-01 06:21:00.000000,-2,1121,DFW,MIA
2001-03-01 06:27:00.000000,-6,594,MDT,ORD
2001-03-01 06:56:00.000000,-3,237,MCI,STL
2001-03-01 11:00:00.000000,-10,487,EWR,DTW
2001-03-01 13:30:00.000000,3,279,GEG,PDX
2001-03-01 16:42:00.000000,-9,762,MEM,DCA
2001-03-01 18:12:00.000000,7,299,DSM,ORD
2001-03-01 19:04:00.000000,146,1024,EWR,PBI
2001-03-01 19:42:00.000000,109,834,LAX,PDX
2001-03-01 21:27:00.000000,55,595,ATL,MIA
2001-03-02 06:42:00.000000,-10,1726,SNA,ORD
2001-03-02 07:40:00.000000,36,719,EWR,ORD
2001-03-02 09:00:00.000000,8,308,SJC,LAX
2001-03-02 12:35:00.000000,13,480,SAN,SMF
2001-03-02 17:07:00.000000,2,229,DTW,MDW
2001-03-02 17:52:00.000000,-8,813,STL,PHL
2001-03-02 20:29:00.000000,19,214,DCA,LGA
2001-03-03 00:57:00.000000,-5,1399,SEA,MSP
2001-03-03 06:29:00.000000,5,347,ELP,PHX
2001-03-03 07:48:00.000000,46,151,HSV,ATL
2001-03-03 07:54:00.000000,-14,383,BTR,DFW
2001-03-03 10:28:00.000000,-19,337,LAX,SFO
2001-03-03 13:32:00.000000,-4,261,ANC,FAI
2001-03-03 14:03:00.000000,-11,981,ABQ,MSP
2001-03-03 17:18:00.000000,23,634,MEM,RDU
2001-03-03 17:55:00.000000,-3,667,RDU,STL
2001-03-03 18:47:00.000000,3,576,BWI,ATL
2001-03-03 20:29:00.000000,-10,109,SAN,LAX
2001-03-03 21:30:00.000000,102,468,BOS,ORF
2001-03-04 08:45:00.000000,-10,313,OKC,MCI
2001-03-04 08:58:00.000000,-8,314,CLE,BWI
2001-03-04 12:47:00.000000,21,992,PHL,FLL
2001-03-04 13:55:00.000000,-13,491,MEM,ORD
2001-03-04 14:02:00.000000,21,413,IAD,BOS
2001-03-04 20:20:00.000000,57,589,SLC,OAK
2001-03-04 21:03:00.000000,7,324,DAL,AMA
2001-03-04 21:17:00.000000,23,296,STL,LIT
2001-03-05 06:45:00.000000,-3,319,MAF,DAL
2001-03-05 07:41:00.000000,-14,338,PHX,SNA
2001-03-05 08:23:00.000000,-2,491,MEM,ORD
2001-03-05 17:00:00.000000,5,1399,MSP,SEA
2001-03-05 17:25:00.000000,9,868,DFW,PHX
2001-03-05 17:59:00.000000,-14,588,SNA,SLC
2001-03-05 18:10:00.000000,-18,802,ORD,DFW
2001-03-05 19:05:00.000000,-6,387,SJC,LAS
2001-03-05 20:35:00.000000,25,308,SJC,LAX
2001-03-06 05:54:00.000000,0,164,CLL,DFW
2001-03-06 06:20:00.000000,0,843,SAT,PHX
2001-03-06 07:14:00.000000,-4,543,PDX,OAK
2001-03-06 08:08:00.000000,-13,228,SJT,DFW
2001-03-06 08:30:00.000000,-13,687,STL,HOU
2001-03-06 08:35:00.000000,-2,888,JAN,BWI
2001-03-06 11:46:00.000000,-5,256,PHX,LAS
2001-03-06 12:36:00.000000,19,89,LAX,SBA
2001-03-06 13:17:00.000000,-4,235,ORD,DTW
2001-03-06 15:00:00.000000,2,362,OAK,ONT
2001-03-06 17:38:00.000000,-3,305,IAH,MSY
2001-03-06 19:47:00.000000,-8,813,ATL,AUS
2001-03-06 19:57:00.000000,0,256,PHX,LAS
2001-03-06 20:54:00.000000,11,569,DFW,ABQ
2001-03-06 21:21:00.000000,4,256,PHX,LAS
2001-03-07 06:55:00.000000,-3,196,PHL,BDL
2001-03-07 07:03:00.000000,-14,235,ORD,DTW
2001-03-07 08:08:00.000000,0,646,ALB,CLT
2001-03-07 08:43:00.000000,23,1017,RSW,DFW
2001-03-07 09:15:00.000000,-2,395,BNA,MDW
2001-03-07 10:10:00.000000,-7,481,ATL,RIC
2001-03-07 11:01:00.000000,-28,938,EWR,MCO
2001-03-07 12:25:00.000000,-15,501,RDU,DTW
2001-03-07 12:47:00.000000,-12,1024,PBI,EWR
2001-03-07 13:28:00.000000,12,692,ATL,MCI
2001-03-07 13:35:00.000000,-14,744,ABQ,IAH
2001-03-07 17:19:00.000000,1,190,DFW,AUS
2001-03-07 17:22:00.000000,-1,1024,SEA,DEN
2001-03-07 18:17:00.000000,0,496,BOS,PIT
2001-03-07 18:35:00.000000,-4,446,OAK,SAN
2001-03-07 19:05:00.000000,0,491,BNA,MCI
2001-03-07 19:25:00.000000,-4,719,EWR,ORD
2001-03-07 21:13:00.000000,12,1619,MEM,LAX
2001-03-08 06:24:00.000000,2,950,LGA,MCO
2001-03-08 06:55:00.000000,-14,377,BWI,MHT
2001-03-08 06:57:00.000000,-5,762,IND,DFW
2001-03-08 08:07:00.000000,13,1745,LAX,ORD
2001-03-08 08:17:00.000000,-18,98,MBS,DTW
2001-03-08 09:14:00.000000,1,2161,CLE,SFO
2001-03-08 16:57:00.000000,-28,1515,ORD,LAS
2001-03-08 18:47:00.000000,73,334,MSP,ORD
2001-03-08 19:19:00.000000,-7,228,DFW,FSM
2001-03-08 20:38:00.000000,119,868,PHX,DFW
2001-03-08 21:45:00.000000,-8,1172,IAD,DFW
2001-03-08 21:50:00.000000,12,328,ABQ,PHX
2001-03-08 22:44:00.000000,8,1946,LAX,ATL
2001-03-09 09:08:00.000000,-14,1041,ORD,SAT
2001-03-09 09:10:00.000000,-24,1515,ORD,LAS
2001-03-09 09:40:00.000000,21,589,IAD,ORD
2001-03-09 09:53:00.000000,-12,590,DSM,DEN
2001-03-09 10:02:00.000000,-15,116,BMI,ORD
2001-03-09 13:05:00.000000,25,323,BHM,SDF
2001-03-09 14:10:00.000000,22,587,PHL,IND
2001-03-09 14:39:00.000000,-6,432,DFW,MEM
2001-03-09 15:15:00.000000,0,853,MCO,IAH
2001-03-09 16:04:00.000000,2,1085,AUS,SLC
2001-03-09 23:12:00.000000,-5,584,ELP,LAS
2001-03-10 06:27:00.000000,18,370,BWI,BOS
2001-03-10 06:45:00.000000,-5,162,MDW,IND
2001-03-10 09:57:00.000000,-10,1836,OAK,ORD
2001-03-10 11:29:00.000000,12,1021,MIA,IND
2001-03-10 11:49:00.000000,12,991,DEN,PDX
2001-03-10 12:00:00.000000,-9,1515,LAS,ORD
2001-03-10 14:50:00.000000,9,587,TPA,RDU
2001-03-10 18:04:00.000000,4,3711,OGG,DFW
2001-03-10 19:10:00.000000,-4,255,BWI,RDU
2001-03-10 19:50:00.000000,5,365,TUS,LAS
2001-03-10 22:29:00.000000,10,190,DFW,AUS
2001-03-10 22:29:00.000000,-7,247,DFW,SAT
2001-03-11 05:31:00.000000,1,137,GRR,ORD
2001-03-11 07:50:00.000000,-19,1448,PHX,BNA
2001-03-11 11:42:00.000000,44,337,LAX,OAK
2001-03-11 11:46:00.000000,18,1117,PIT,IAH
2001-03-11 12:59:00.000000,-30,733,ORD,LGA
2001-03-11 13:05:00.000000,22,671,OAK,SEA
2001-03-11 15:18:00.000000,-8,786,SAT,STL
2001-03-11 16:24:00.000000,-16,447,SAN,SFO
2001-03-11 19:20:00.000000,-6,935,TUL,PHX
2001-03-11 19:36:00.000000,-4,256,CVG,PIT
2001-03-11 19:56:00.000000,1,308,LAX,SJC
2001-03-11 22:10:00.000000,5,308,SJC,LAX
2001-03-12 09:20:00.000000,5,583,DFW,OMA
2001-03-12 09:39:00.000000,130,303,MSY,HOU
2001-03-12 11:59:00.000000,32,1426,MSP,PDX
2001-03-12 12:59:00.000000,14,966,RSW,PIT
2001-03-12 17:05:00.000000,6,237,STL,MCI
2001-03-12 17:45:00.000000,50,1671,ORD,RNO
2001-03-12 18:10:00.000000,-4,108,PVD,ISP
2001-03-12 20:16:00.000000,-11,110,PSP,LAX
2001-03-13 06:28:00.000000,-5,495,OKC,DEN
2001-03-13 07:28:00.000000,18,481,RIC,ATL
2001-03-13 13:10:00.000000,-9,1012,ORD,TPA
2001-03-13 13:41:00.000000,24,1372,EWR,DFW
2001-03-13 16:25:00.000000,37,2072,SJU,ORD
2001-03-13 17:30:00.000000,-14,742,PHL,JAX
2001-03-14 07:57:00.000000,2,733,LGA,ORD
2001-03-14 08:25:00.000000,-12,229,MDW,DTW
2001-03-14 09:00:00.000000,0,256,PHX,LAS
2001-03-14 11:25:00.000000,21,689,SLC,SEA
2001-03-14 12:56:00.000000,8,410,CMH,STL
2001-03-14 12:59:00.000000,1,1078,CVG,COS
2001-03-14 13:00:00.000000,15,321,SDF,ATL
2001-03-14 14:32:00.000000,56,337,OAK,LAX
2001-03-14 16:34:00.000000,-6,282,OMA,MSP
2001-03-14 19:27:00.000000,-2,351,TUL,STL
2001-03-14 19:56:00.000000,7,742,PHL,JAX
2001-03-14 20:38:00.000000,-10,321,IAD,CLT
2001-03-14 20:45:00.000000,-6,342,SNA,SJC
2001-03-15 06:12:00.000000,-10,599,SFO,SLC
2001-03-15 10:23:00.000000,3,533,ATL,IAD
2001-03-16 08:04:00.000000,-7,164,DFW,CLL
2001-03-16 08:15:00.000000,10,321,MSY,BHM
2001-03-16 09:11:00.000000,31,881,MCO,STL
2001-03-16 12:45:00.000000,-5,337,LAX,SFO
2001-03-16 12:54:00.000000,-4,166,HPN,BOS
2001-03-16 15:09:00.000000,2,440,DTW,STL
2001-03-16 16:54:00.000000,-1,298,SYR,DCA
2001-03-16 18:35:00.000000,-1,689,SEA,SLC
2001-03-16 19:54:00.000000,-7,1504,EWR,AUS
2001-03-16 20:06:00.000000,59,892,STL,JFK
2001-03-17 06:26:00.000000,7,984,MCO,DFW
2001-03-17 06:57:00.000000,0,2586,JFK,SFO
2001-03-17 07:05:00.000000,-10,622,CLE,MSP
2001-03-17 10:10:00.000000,-7,342,SJC,SNA
2001-03-17 11:17:00.000000,19,118,FAY,CLT
2001-03-17 12:31:00.000000,37,491,ORD,MEM
2001-03-17 13:38:00.000000,9,642,RIC,ORD
2001-03-17 14:20:00.000000,15,451,TUS,LAX
2001-03-17 14:44:00.000000,81,1235,IAH,BWI
2001-03-17 15:26:00.000000,49,231,IND,DTW
2001-03-17 17:42:00.000000,-6,834,MCO,PIT
2001-03-18 06:59:00.000000,-14,211,BHM,MEM
2001-03-18 08:30:00.000000,0,445,ATL,SRQ
2001-03-18 10:00:00.000000,-8,592,DFW,COS
2001-03-18 10:00:00.000000,-4,254,STL,SDF
2001-03-18 11:36:00.000000,-4,259,STL,DSM
2001-03-18 12:01:00.000000,-2,1846,ORD,SFO
2001-03-18 12:30:00.000000,23,197,LAS,ONT
2001-03-18 14:20:00.000000,-5,487,EWR,DTW
2001-03-18 20:57:00.000000,12,984,DFW,MCO
2001-03-19 06:44:00.000000,-5,416,OMA,ORD
2001-03-19 09:14:00.000000,-13,174,ORD,GRB
2001-03-19 09:20:00.000000,-7,130,DFW,ILE
2001-03-19 10:40:00.000000,-4,345,RNO,LAS
2001-03-19 11:47:00.000000,39,1372,DFW,EWR
2001-03-19 13:01:00.000000,16,200,EWR,BOS
2001-03-19 13:45:00.000000,18,1078,COS,CVG
2001-03-19 14:33:00.000000,-5,957,DEN,OAK
2001-03-19 15:22:00.000000,-17,2072,SJU,ORD
2001-03-19 15:25:00.000000,-4,224,DFW,IAH
2001-03-19 20:48:00.000000,10,1426,MSP,PDX
2001-03-20 07:20:00.000000,24,594,DTW,ATL
2001-03-20 07:42:00.000000,53,1439,SJC,DFW
2001-03-20 08:15:00.000000,-5,937,HOU,MDW
2001-03-20 08:57:00.000000,-14,737,BWI,STL
2001-03-20 09:38:00.000000,6,719,EWR,ORD
2001-03-20 10:31:00.000000,42,758,IAD,MCO
2001-03-20 10:34:00.000000,1,189,RNO,SJC
2001-03-20 11:15:00.000000,-5,444,PDX,RNO
2001-03-20 12:19:00.000000,2,1635,SFO,IAH
2001-03-20 15:10:00.000000,85,418,LGA,CLE
2001-03-20 15:45:00.000000,-4,224,SEA,GEG
2001-03-20 16:10:00.000000,-8,96,MIA,APF
2001-03-20 18:15:00.000000,4,296,ORF,LGA
2001-03-20 19:07:00.000000,0,986,IAH,GSO
2001-03-20 20:19:00.000000,-1,1173,FLL,BDL
2001-03-20 21:00:00.000000,23,1456,DFW,OAK
2001-03-20 21:30:00.000000,36,144,PIT,CMH
2001-03-20 22:00:00.000000,51,597,DFW,BHM
2001-03-21 06:26:00.000000,18,859,BDL,ATL
2001-03-21 09:13:00.000000,-5,1929,DTW,SJU
2001-03-21 09:53:00.000000,-1,1827,SLC,IAD
2001-03-21 10:41:00.000000,9,1846,SFO,ORD
2001-03-21 14:24:00.000000,8,647,PHX,SMF
2001-03-21 16:30:00.000000,-3,228,SJT,DFW
2001-03-21 18:30:00.000000,-7,328,PHX,ABQ
2001-03-21 19:45:00.000000,1,419,HOU,OKC
2001-03-22 07:58:00.000000,-7,2421,SEA,JFK
2001-03-22 08:29:00.000000,-9,595,MIA,ATL
2001-03-22 12:45:00.000000,-17,190,DFW,AUS
2001-03-22 12:49:00.000000,-1,2161,SFO,CLE
2001-03-22 13:42:00.000000,58,1605,DEN,EWR
2001-03-22 14:23:00.000000,-14,680,DEN,MSP
2001-03-22 18:30:00.000000,7,1506,PHX,SDF
2001-03-22 19:52:00.000000,-7,110,TUS,PHX
2001-03-23 07:25:00.000000,-27,229,IND,STL
2001-03-23 07:46:00.000000,-7,262,SFO,SBA
2001-03-23 09:46:00.000000,14,647,RDU,ORD
2001-03-23 14:35:00.000000,5,1246,HOU,BWI
2001-03-23 15:34:00.000000,19,185,LGA,BOS
2001-03-23 15:55:00.000000,-16,1439,DFW,SJC
2001-03-23 17:54:00.000000,3,957,DTW,MCO
2001-03-23 18:58:00.000000,8,264,CVG,ORD
2001-03-23 20:14:00.000000,89,679,SFO,SEA
2001-03-23 20:25:00.000000,-5,308,LAX,SJC
2001-03-23 20:41:00.000000,-11,678,ORD,PHL
2001-03-23 20:45:00.000000,-4,412,ORD,PIT
2001-03-23 21:19:00.000000,17,235,ORD,DTW
2001-03-24 00:22:00.000000,-5,1747,LAS,ATL
2001-03-24 05:59:00.000000,6,888,DEN,ORD
2001-03-24 06:01:00.000000,-15,229,MDW,DTW
2001-03-24 10:18:00.000000,-3,134,BHM,ATL
2001-03-24 11:34:00.000000,-10,853,DEN,SAN
2001-03-24 11:39:00.000000,-13,467,PIT,PVD
2001-03-24 13:42:00.000000,15,1237,BOS,FLL
2001-03-24 15:58:00.000000,-18,267,PIT,PHL
2001-03-24 17:25:00.000000,1,1491,BWI,DEN
2001-03-24 22:30:00.000000,12,423,OMA,MDW
2001-03-24 22:59:00.000000,0,1830,SJC,ORD
2001-03-24 23:31:00.000000,-5,453,ATL,LIT
2001-03-25 09:09:00.000000,-27,1097,LGA,MIA
2001-03-25 09:23:00.000000,-19,1372,EWR,DFW
2001-03-25 11:45:00.000000,-4,334,SJC,ONT
2001-03-25 16:50:00.000000,-20,1300,MSP,LAS
2001-03-25 18:20:00.000000,-10,559,AUS,MEM
2001-03-25 18:25:00.000000,-5,187,CRP,HOU
2001-03-25 18:26:00.000000,-7,228,STL,CID
2001-03-25 19:10:00.000000,0,998,BWI,MSY
2001-03-25 19:10:00.000000,-4,2125,CLT,LAX
2001-03-25 19:15:00.000000,-10,477,DAY,PHL
2001-03-25 19:32:00.000000,24,873,TPA,PIT
2001-03-25 19:55:00.000000,-17,533,ATL,IAD
2001-03-25 20:29:00.000000,36,651,CLT,MKE
2001-03-26 06:24:00.000000,-17,1836,OAK,ORD
2001-03-26 06:54:00.000000,3,946,ATL,BOS
2001-03-26 07:40:00.000000,3,603,SYR,CLT
2001-03-26 07:45:00.000000,-3,283,BDL,BWI
2001-03-26 07:59:00.000000,-23,936,DFW,CLT
2001-03-26 09:42:00.000000,18,337,SFO,LAX
2001-03-26 09:43:00.000000,-14,361,CLT,BWI
2001-03-26 10:48:00.000000,-2,592,COS,DFW
2001-03-26 10:52:00.000000,0,235,ORD,DTW
2001-03-26 12:23:00.000000,116,1440,PHX,ORD
2001-03-26 13:24:00.000000,-16,196,PHL,BDL
2001-03-26 13:34:00.000000,0,913,CLT,IAH
2001-03-26 15:35:00.000000,122,784,STL,ORF
2001-03-26 17:20:00.000000,2,1391,JFK,DFW
2001-03-26 21:35:00.000000,25,833,PHX,OKC
2001-03-26 21:40:00.000000,-4,443,ATL,MLB
2001-03-27 07:20:00.000000,-7,632,RDU,MDW
2001-03-27 07:51:00.000000,-8,967,DEN,SFO
2001-03-27 10:06:00.000000,9,1721,ORD,SEA
2001-03-27 11:01:00.000000,1,1121,BOS,MCO
2001-03-27 12:10:00.000000,-21,938,MCO,EWR
2001-03-27 16:37:00.000000,-7,406,JAC,DEN
2001-03-27 17:18:00.000000,7,2555,EWR,OAK
2001-03-27 18:39:00.000000,-18,590,SLC,LAX
2001-03-27 18:48:00.000000,46,4065,OGG,STL
2001-03-27 20:01:00.000000,-8,957,DEN,OAK
2001-03-28 05:30:00.000000,-9,594,DTW,ATL
2001-03-28 06:53:00.000000,-1,1182,ORD,FLL
2001-03-28 06:56:00.000000,-10,98,MBS,DTW
2001-03-28 07:25:00.000000,0,368,LAS,SLC
2001-03-28 07:42:00.000000,-14,368,SLC,LAS
2001-03-28 12:05:00.000000,-9,393,HOU,LIT
2001-03-28 13:38:00.000000,-3,2115,SNA,PIT
2001-03-28 14:19:00.000000,16,719,STL,DCA
2001-03-28 19:13:00.000000,26,1103,DFW,PBI
2001-03-28 19:21:00.000000,19,988,DFW,SLC
2001-03-28 19:48:00.000000,11,296,CMH,ORD
2001-03-28 19:58:00.000000,4,240,DAY,ORD
2001-03-28 20:20:00.000000,3,256,PHX,LAS
2001-03-28 20:59:00.000000,-5,906,MCO,ABE
2001-03-28 22:02:00.000000,10,2342,LAX,MIA
2001-03-29 06:40:00.000000,12,679,SFO,SEA
2001-03-29 08:05:00.000000,-3,2475,LAX,JFK
2001-03-29 09:15:00.000000,-13,601,RNO,PHX
2001-03-29 10:22:00.000000,-20,1998,BWI,PHX
2001-03-29 10:55:00.000000,6,1009,PHX,PDX
2001-03-29 13:01:00.000000,32,656,MEM,TPA
2001-03-29 13:31:00.000000,-3,1870,SEA,MEM
2001-03-29 14:00:00.000000,-1,373,LAX,SMF
2001-03-29 14:37:00.000000,15,428,IND,CLT
2001-03-29 15:45:00.000000,1,587,BNA,BWI
2001-03-29 17:01:00.000000,12,429,TUL,IAH
2001-03-29 17:07:00.000000,20,1038,MCI,PHL
2001-03-29 17:51:00.000000,-9,289,PIT,LEX
2001-03-29 18:43:00.000000,19,403,ORD,MCI
2001-03-29 19:33:00.000000,54,301,BUF,JFK
2001-03-29 20:46:00.000000,38,602,PHX,DEN
2001-03-30 07:11:00.000000,-10,157,ORD,FWA
2001-03-30 08:00:00.000000,-7,328,DFW,ICT
2001-03-30 08:37:00.000000,-1,247,SAT,DFW
2001-03-30 09:35:00.000000,28,946,MEM,EWR
2001-03-30 09:47:00.000000,11,649,DEN,BOI
2001-03-30 10:10:00.000000,-6,1262,STL,PHX
2001-03-30 11:59:00.000000,8,1515,LAS,ORD
2001-03-30 20:44:00.000000,-5,429,IAH,TUL
2001-03-30 23:48:00.000000,2,874,ATL,SAT
2001-03-31 07:04:00.000000,-8,373,LAX,SMF
2001-03-31 08:45:00.000000,-5,737,STL,BWI
2001-03-31 10:33:00.000000,-5,2457,SFO,BWI
2001-03-31 12:32:00.000000,5,758,MCO,IAD
2001-03-31 13:32:00.000000,-10,335,SDF,PIT
2001-03-31 13:35:00.000000,-6,251,MDW,STL
2001-03-31 13:55:00.000000,18,1090,MIA,JFK
2001-03-31 15:23:00.000000,19,1024,EWR,PBI
2001-03-31 16:16:00.000000,-8,302,MOB,ATL
2001-03-31 18:40:00.000000,3,181,OKC,DAL
2001-03-31 19:02:00.000000,-1,1276,MSP,PHX
